name,sex,country_cod),country,affiliate_name,age,height,weight,countryChampion,overallRank,overallScore
Patrick Vellner,M,CA,Canada,CrossFit Nanaimo,30,71 in,195 lb,False,1,64
Mathew Fraser,M,US,United States,CrossFit Mayhem,30,67 in,195 lb,True,2,74
Lefteris Theofanidis,M,GR,Greece,,30,171 cm,81 kg,True,3,94
Björgvin Karl Guðmundsson,M,IS,Iceland,CrossFit Hengill,27,178 cm,185 lb,True,4,97
Jeffrey Adler,M,CA,Canada,CrossFit Wonderland,26,69 in,197 lb,True,5,100
Noah Ohlsen,M,US,United States,Peak 360 CrossFit,29,67 in,190 lb,False,6,127
Bayden Brown,M,AU,Australia,CrossFit Townsville,25,177 cm,90 kg,True,7,136
Jean-Simon Roy-Lemaire,M,CA,Canada,Tonic CrossFit,26,176 cm,195 lb,False,8,158
Tyler Christophel,M,US,United States,,30,70 in,190 lb,False,9,184
Roman Khrennikov,M,RU,Russian Federation,,25,182 cm,95 kg,True,10,189
Jonne Koski,M,FI,Finland,CrossFit Kreis 9,25,171 cm,187 lb,True,11,200
Samuel Cournoyer,M,CA,Canada,Deka CrossFit,24,180 cm,195 lb,False,12,217
Brandon Luckett,M,US,United States,CrossFit OKC,25,73 in,200 lb,False,13,219
Travis Mayer,M,US,United States,CrossFit Passion,29,71 in,198 lb,False,14,232
Tim Paulson,M,US,United States,CrossFit Pallas,30,73 in,215 lb,False,15,247
Samuel Kwant,M,US,United States,,24,71 in,200 lb,False,16,248
Scott Tetlow,M,US,United States,CrossFit Kilter,27,63 in,172 lb,False,17,251
Jacob Heppner,M,US,United States,Cobra Command CrossFit,30,68 in,192 lb,False,18,260
Cole Sager,M,US,United States,CrossFit Spokane Valley,29,70 in,202 lb,False,19,271
Richard Froning Jr.,M,US,United States,CrossFit Mayhem,32,69 in,198 lb,False,19,271
Rogelio Gamboa,M,US,United States,Elevate Crew CrossFit,33,68 in,200 lb,False,21,307
Chandler Smith,M,US,United States,CrossFit Noble Defender,27,68 in,193 lb,False,22,309
Alexandre Caron,M,CA,Canada,CrossFit Levis,24,71 in,200 lb,False,23,311
Elliot Simmonds,M,GB,United Kingdom,CrossFit Yas,26,185 cm,90 kg,False,24,324
Cédric Lapointe,M,CA,Canada,CrossFit 819,23,69 in,185 lb,False,25,334
Zack George,M,GB,United Kingdom,CrossFit BFG,30,72 in,102 kg,True,26,336
Logan Collins,M,US,United States,CrossFit Rejoice,29,67 in,182 lb,False,26,336
Ben Smith,M,US,United States,CrossFit Krypton,30,71 in,195 lb,False,28,339
Sean Sweeney,M,US,United States,CrossFit Powerstroke,28,69 in,192 lb,False,29,354
Willy Georges,M,FR,France,CrossFit Lutece,27,179 cm,86 kg,True,30,390
Connor Duddy,M,US,United States,Solidarity CrossFit,27,70 in,185 lb,False,31,398
Brent Fikowski,M,CA,Canada,Kelowna CrossFit,29,74 in,217 lb,False,32,400
Scott Panchik,M,US,United States,CrossFit Mentality,32,69 in,187 lb,False,33,401
Giorgos Karavis,M,GR,Greece,CrossFit Comradery,25,177 cm,90 kg,False,34,421
David Shorunke,M,GB,United Kingdom,CrossFit Kungsholmen,30,188 cm,97 kg,False,35,423
Spencer Panchik,M,US,United States,CrossFit Cliffside,24,68 in,180 lb,False,36,470
Cole Greashaber,M,US,United States,CrossFit Lee's Summit (LS),20,72 in,200 lb,False,37,492
Klaus Hebo Uggerhoj,M,DK,Denmark,CrossFit Nordvest,29,176 cm,189 lb,True,38,515
Sam Stewart,M,IE,Ireland,CrossFit Ireland,23,69 in,85 kg,False,39,527
Christian Lucero,M,US,United States,CrossFit Costa Mesa,27,69 in,191 lb,False,40,536
Marquan Jones,M,US,United States,CrossFit Roseland,30,71 in,200 lb,False,40,536
Pd Savage,M,IE,Ireland,CrossFit 8020,30,185 cm,98 kg,True,42,538
Dylan Pettit,M,US,United States,Reebok CrossFit One,26,71 in,218 lb,False,43,543
Niklas Hecht,M,US,United States,CrossFit Love,29,70 in,205 lb,False,44,573
Zachery Buntin,M,US,United States,CrossFit T-Town,26,72 in,205 lb,False,45,589
Luke Schafer,M,US,United States,CrossFit Kilo II,26,68 in,180 lb,False,46,591
Dimitris Fotiou,M,GR,Greece,Mad Hall CrossFit,29,168 cm,78 kg,False,47,597
Piotr Szczycinski,M,PL,Poland,CrossFit Wroclaw,27,182 cm,88 kg,True,48,605
Iakov filimonov,M,RU,Russian Federation,,32,171 cm,82 kg,False,49,606
Nycolas Joyal,M,CA,Canada,CrossFit Terrebonne L'usine,26,70 in,192 lb,False,50,608
Drew Wayman,M,US,United States,CrossFit SOTO,24,71 in,210 lb,False,51,611
Jake Berman,M,US,United States,CrossFit Perimeter,24,68 in,183 lb,False,52,616
Alex Kotoulas,M,GR,Greece,CrossFit Comradery,27,170 cm,78 kg,False,53,625
Will Moorad,M,US,United States,CrossFit Trivium,31,69 in,190 lb,False,53,625
Jason Smith,M,ZA,South Africa,CrossFit Sunninghill,36,185 cm,195 lb,True,55,626
Uldis Upenieks,M,LV,Latvia,CrossFit Riga,22,174 cm,84 kg,True,56,642
Tola Morakinyo,M,US,United States,CrossFit Invictus Back Bay,24,72 in,207 lb,False,57,667
Khan Porter,M,AU,Australia,CrossFit Play,30,182 cm,205 lb,False,58,677
Nick Mathew,M,US,United States,Timberwolf CrossFit,26,69 in,195 lb,False,59,683
Evan Morris,M,AU,Australia,CrossFit 505,27,,,False,60,704
André Houdet,M,DK,Denmark,CrossFit Butcher's Lab,26,182 cm,88 kg,False,61,709
Jason Carroll,M,US,United States,LumberYard CrossFit,31,70 in,185 lb,False,62,743
Luke Fiso,M,NZ,New Zealand,Thorndon CrossFit,30,176 cm,88 kg,True,63,746
Alec Smith,M,US,United States,CrossFit Solace,27,71 in,185 lb,False,64,747
Norman Woodring,M,US,United States,Not the Norm CrossFit,30,72 in,197 lb,False,65,750
Linus Bresander,M,SE,Sweden,CrossFit Borgen,29,183 cm,97 kg,True,66,751
Fabian Beneito,M,ES,Spain,CrossFit Alzira,24,178 cm,87 kg,True,67,772
Justin Medeiros,M,US,United States,CrossFit Fort Vancouver,21,69 in,190 lb,False,68,776
Dylan Martin,M,US,United States,CrossFit Cedar Rapids,28,69 in,190 lb,False,69,801
Saxon Panchik,M,US,United States,CrossFit Cliffside,24,69 in,185 lb,False,70,817
Lukas Esslinger,M,CH,Switzerland,CrossFit Kreis 9,27,181 cm,200 lb,True,71,875
Travis Williams,M,US,United States,,28,69 in,202 lb,False,72,878
Brandon Flores,M,US,United States,CrossFit Culmination,25,74 in,225 lb,False,73,881
Maximiliano Arigossi,M,AR,Argentina,CrossFit Tuluka Nuñez,27,171 cm,80 kg,True,73,881
Eric Carmody,M,US,United States,CrossFit Invictus,32,71 in,200 lb,False,75,901
Nicolay Billaudel,M,NO,Norway,CrossFit Gamlebyen,30,182 cm,92 kg,True,76,907
Adam Davidson,M,CA,Canada,CrossFit LoLo,28,,,False,77,913
Matt Poulin,M,US,United States,CrossFit Complete,24,70 in,195 lb,False,78,915
Chase Smith,M,US,United States,Sanctum CrossFit,31,69 in,195 lb,False,79,919
Jonathan Wall,M,US,United States,Role Model CrossFit,30,69 in,206 lb,False,80,924
Karar Margrander,M,DE,Germany,CrossFit Luparo,29,171 cm,89 kg,True,81,939
Jake Marconi,M,US,United States,Full Range CrossFit,23,67 in,185 lb,False,82,948
Josh Miller,M,US,United States,CrossFit Crash,31,69 in,190 lb,False,83,951
Jonathan Dunlop,M,AU,Australia,North Bound CrossFit,28,182 cm,132 kg,False,84,962
Jeff Patzer,M,US,United States,CrossFit Davis,32,66 in,175 lb,False,85,969
Kosta Ilic,M,AU,Australia,CrossFit Dignus,29,181 cm,190 lb,False,86,980
Joshua Wichtrup,M,DE,Germany,CrossFit Flensburg,28,183 cm,86 kg,False,87,998
Viktor Langsved,M,SE,Sweden,CrossFit Prestanda,28,183 cm,90 kg,False,88,1000
Matt Hewett,M,US,United States,,32,68 in,185 lb,False,89,1002
Alexandre Pinsolle,M,FR,France,CrossFit Happy Hearts,26,188 cm,95 kg,False,90,1038
Matt Mcleod,M,AU,Australia,CrossFit Crossaxed,27,168 cm,82 kg,False,91,1046
Haraldur Holgersson,M,IS,Iceland,CrossFit XY,21,178 cm,173 lb,False,92,1075
Brandon Swan,M,AU,Australia,CrossFit Torian,29,175 cm,195 lb,False,93,1076
Michael McKenna,M,US,United States,CrossFit Majestic,32,69 in,195 lb,False,94,1098
Jordan Cook,M,US,United States,CrossFit Memorial Houston,28,69 in,193 lb,False,95,1108
Antoine Tami,M,FR,France,CrossFit VNM Rungis,26,174 cm,82 kg,False,96,1121
Griffin Roelle,M,US,United States,CrossFit Dwala,28,69 in,205 lb,False,97,1129
Matt Morton,M,US,United States,CrossFit Unorthodox,31,73 in,212 lb,False,98,1140
Cam Crockett,M,US,United States,CrossFit Cliffside,22,69 in,185 lb,False,98,1140
Hunter Holifield,M,US,United States,Yune CrossFit,22,70 in,195 lb,False,100,1148
Travis Mead,M,US,United States,Iron Valley CrossFit,33,73 in,205 lb,False,101,1152
Eric Evans,M,US,United States,Gold Standard Athletics CrossFit,29,70 in,178 lb,False,102,1163
Austin Bolen,M,US,United States,CrossFit Trivium,29,,,False,103,1172
Craig Kenney,M,US,United States,Branford CrossFit,33,72 in,203 lb,False,104,1176
Jeremiah Brewster,M,US,United States,CrossFit Rx,28,,,False,105,1194
Reggie Fasa,M,GB,United Kingdom,CrossFit Sunderland SR1,25,172 cm,90 kg,False,106,1203
Guilherme Malheiros,M,BR,Brazil,Cavaleiros CrossFit,20,176 cm,87 kg,True,107,1211
Colten Mertens,M,US,United States,CrossFit Kilo,22,64 in,185 lb,False,108,1216
Kyle Bernier,M,US,United States,CrossFit Passion,27,70 in,198 lb,False,109,1222
Hudson Fricke,M,US,United States,Southern Moon CrossFit,31,73 in,205 lb,False,110,1228
Austin Spencer,M,US,United States,CrossFit MF,27,70 in,195 lb,False,111,1246
Alex Vigneault,M,CA,Canada,,28,71 in,208 lb,False,112,1269
Carlos Albaladejo,M,US,United States,CrossFit Marvel,32,67 in,175 lb,False,113,1270
Mitch Spjut,M,US,United States,Wasatch CrossFit,26,69 in,193 lb,False,114,1280
Grant Belrose,M,US,United States,936 CrossFit,28,72 in,195 lb,False,115,1285
Nicholas Urankar,M,US,United States,CrossFit 061,36,70 in,192 lb,False,116,1294
Tyler Lee,M,CA,Canada,CrossFit Resurrection,30,70 in,195 lb,False,117,1300
Kevin Steinhaus,M,US,United States,STAX CrossFit,32,74 in,215 lb,False,117,1300
Joey Tortora,M,US,United States,CrossFit Kite and Key,29,70 in,195 lb,False,119,1310
Stefano Carosso,M,IT,Italy,CrossFit Sabaudia,25,189 cm,92 kg,False,120,1317
Manuel Gallegos,M,MX,Mexico,,27,174 cm,81 kg,False,121,1318
Scott Cottrill,M,US,United States,CrossFit Grandview,27,,,False,122,1334
Cody Mooney,M,US,United States,CrossFit Solace,26,72 in,210 lb,False,123,1355
Oleg Lascenko,M,GB,United Kingdom,Iron Phoenix CrossFit,22,176 cm,80 kg,False,124,1362
Arthur Semenov,M,RU,Russian Federation,Red Tower CrossFit,27,187 cm,97 kg,False,125,1381
Streat Hoerner,M,US,United States,CrossFit Alioth,25,69 in,195 lb,False,126,1382
Raphael Durand,M,FR,France,NorCal CrossFit Redwood City,29,69 in,,False,127,1391
Brendan Willis,M,CA,Canada,IST CrossFit,31,68 in,169 lb,False,128,1396
Cody Anderson,M,US,United States,CrossFit Magnify,28,67 in,170 lb,False,129,1412
Maximilian Henze,M,DE,Germany,,24,170 cm,80 kg,False,130,1432
Rob Forte,M,AU,Australia,Reebok CrossFit Frankston,33,174 cm,89 kg,False,131,1434
Josh Woodhull,M,US,United States,CrossFit Maven,29,73 in,200 lb,False,132,1440
Luis Oscar Mora,M,MX,Mexico,,21,67 in,83 kg,True,133,1441
Peter Mason,M,US,United States,CrossFit EXP,25,70 in,175 lb,False,134,1442
Dalton Mankin,M,US,United States,CrossFit Wild West,24,69 in,185 lb,False,135,1450
Willy Kane,M,GB,United Kingdom,CrossFit WestMids,33,176 cm,187 lb,False,136,1457
Darwin Perez,M,MX,Mexico,CrossFit 3 Sons,31,67 in,180 lb,False,137,1461
Jacob Pfaff,M,US,United States,CrossFit Noble Defender,28,67 in,215 lb,False,138,1464
Stefano Migliorini,M,IT,Italy,Reebok CrossFit Officine,31,173 cm,84 kg,True,139,1474
Aaron Hanna,M,US,United States,CrossFit Westchase,31,73 in,210 lb,False,140,1481
Marshall Creed,M,US,United States,CrossFit 217,30,67 in,172 lb,False,141,1483
Bastian Neuger,M,DE,Germany,Reebok CrossFit Herzobase,29,183 cm,88 kg,False,142,1492
Phil Toon,M,US,United States,CrossFit Majestic,22,70 in,190 lb,False,143,1507
Josh Gervais,M,CA,Canada,Strongmill CrossFit,28,178 cm,190 lb,False,144,1509
Aleksandr Plyushkin,M,RU,Russian Federation,Backstage CrossFit,29,174 cm,88 kg,False,145,1513
Phil Hesketh,M,GB,United Kingdom,CrossFit Walleye,29,180 cm,210 lb,False,146,1514
Adam Klink,M,US,United States,CrossFit Krypton,30,72 in,215 lb,False,147,1520
Jamie Headon,M,IE,Ireland,CrossFit C2F,27,174 cm,88 kg,False,148,1526
Luka Đukić,M,RS,Serbia,,21,182 cm,91 kg,False,149,1528
Nate Long,M,US,United States,FURYAN CrossFit,29,67 in,185 lb,False,150,1564
Mike Wagner,M,US,United States,CrossFit Fond du Lac,27,70 in,195 lb,False,151,1565
Isaac Farias,M,MX,Mexico,,28,166 cm,175 lb,False,152,1574
Jack Rozema,M,US,United States,CrossFit 614,24,69 in,200 lb,False,153,1579
Kevin Winkens,M,DE,Germany,CrossFit Vitus,30,175 cm,83 kg,False,154,1587
Nick Bloch,M,US,United States,CrossFit Fond du Lac,34,72 in,210 lb,False,155,1592
Lucas Heuze,M,FR,France,CrossFit Lyon,25,179 cm,86 kg,False,156,1596
Julian Serna,M,CO,Colombia,CrossFit Soul Miami,36,71 in,500 kg,True,157,1597
Nicholas DelGrande,M,US,United States,CrossFit Milford,28,67 in,187 lb,False,158,1602
Peter Shaw,M,CA,Canada,CrossFit NCR,30,185 cm,215 lb,False,159,1604
Zach Watts,M,US,United States,Ft. Wright CrossFit,24,72 in,195 lb,False,160,1614
Aniol Ekai,M,ES,Spain,CrossFit 77 Feet,23,187 cm,89 kg,False,161,1619
Kealan Henry,M,ZA,South Africa,CrossFit Pamiers,27,,,False,162,1625
Logan Southard,M,US,United States,CrossFit Ho'ola,25,52 in,69 lb,False,162,1625
Sigurður Þrastarson,M,IS,Iceland,CrossFit Akureyri,36,179 cm,91 kg,False,164,1630
Juan Manuel Seitun,M,UY,Uruguay,B2 CrossFit,26,179 cm,90 kg,True,165,1650
Tom Lengyel,M,AU,Australia,CrossFit Geelong,29,169 cm,165 lb,False,166,1655
Nicola Bonura,M,IT,Italy,Reebok CrossFit Alcamo,26,180 cm,187 lb,False,166,1655
Omar Martinez,M,VE,Venezuela,CrossFit 4 L,28,2 cm,76 kg,True,168,1662
Sergey Koltovskoy,M,RU,Russian Federation,CrossFit 19.05,33,180 cm,88 kg,False,169,1671
Jay Crouch,M,AU,Australia,Reebok CrossFit Frankston,21,,,False,170,1675
Jayson Hopper,M,US,United States,CrossFit Athletes Arena,22,73 in,215 lb,False,171,1678
Thomas Wilson,M,GB,United Kingdom,CrossFit Castaway,29,72 in,94 kg,False,172,1685
Ioannis Papadopoulos,M,GR,Greece,The Core Force CrossFit,33,188 cm,105 kg,False,173,1686
John Coltey,M,US,United States,CrossFit Laminin,31,69 in,195 lb,False,174,1695
Luke McMahon,M,AU,Australia,CrossFit Canberra,25,175 cm,175 kg,False,175,1696
Martin Fuentes,M,CL,Chile,,23,166 cm,73 kg,True,176,1698
Garrett Clark,M,US,United States,Three Kings CrossFit,21,69 in,179 lb,False,177,1707
Guillaume Magnouat,M,FR,France,CrossFit Illiberis,30,181 cm,88 kg,False,177,1707
max olivestrand,M,SE,Sweden,CrossFit Nordic,31,,,False,179,1708
Zeke Grove,M,AU,Australia,CrossFit Carv,28,169 cm,182 lb,False,180,1711
Dusty Sulon,M,US,United States,CrossFit Danville,35,72 in,185 lb,False,181,1718
Kyle Zozaya,M,US,United States,CrossFit Infernal,28,70 in,195 lb,False,182,1732
Antony Monks,M,GB,United Kingdom,CrossFit Yas,30,72 in,88 kg,False,183,1740
Royce Dunne,M,AU,Australia,CrossFit Torian,29,183 cm,102 kg,False,184,1741
Jonathan Gibson,M,CA,Canada,,30,74 in,220 lb,False,185,1758
Sigurdur Jonsson,M,IS,Iceland,CrossFit XY,29,175 cm,90 kg,False,186,1779
Nicolas Bidarte,M,AR,Argentina,,26,171 cm,88 kg,False,187,1786
Tyler Tosunian,M,US,United States,LumberYard CrossFit,29,67 in,177 lb,False,188,1791
Marcin Szybaj,M,PL,Poland,Stajnia CrossFit,29,178 cm,88 kg,False,189,1817
Kenneth Hart,M,US,United States,Golden Triangle CrossFit,33,70 in,194 lb,False,189,1817
Anderon Primo,M,BR,Brazil,CrossFit Bauru 2,25,180 cm,205 lb,False,191,1820
Elijah Muhammad,M,US,United States,CrossFit Unorthodox,32,72 in,194 lb,False,192,1837
Lucas Parker,M,CA,Canada,CrossFit Colosseum,30,68 in,190 lb,False,193,1840
Giovanni Contreras,M,US,United States,Lone Star CrossFit,29,72 in,198 lb,False,194,1865
Dami Martínez,M,ES,Spain,CrossFit 4 Friends,27,,,False,195,1866
James Hobart,M,US,United States,CrossFit Boston,34,68 in,185 lb,False,196,1874
Trent Williams,M,ZA,South Africa,CrossFit PBM,26,180 cm,91 kg,False,196,1874
Marlon Azurdia,M,GT,Guatemala,,34,176 cm,194 lb,True,198,1879
Victor Ljungdal,M,SE,Sweden,Lådan CrossFit,24,172 cm,85 kg,False,199,1883
Daniel Skov,M,DK,Denmark,CrossFit Nordvest,25,177 cm,81 kg,False,200,1889
Tommy Vinas,M,US,United States,BLFC CrossFit,23,71 in,205 lb,False,201,1906
AJ Visser,M,ZA,South Africa,,34,180 cm,86 kg,False,202,1913
Casey Crable,M,US,United States,Long Road CrossFit,27,72 in,215 lb,False,203,1919
Justin Swart,M,ZA,South Africa,Cape CrossFit,29,175 cm,85 kg,False,204,1924
James McLaughlan,M,US,United States,Five Lakes CrossFit,32,65 in,158 lb,False,205,1925
Nathan Horner,M,AU,Australia,CrossFit Greater West,30,171 cm,86 kg,False,206,1928
Jose Leclerc,M,CA,Canada,CrossFit Sainte Foy,24,68 in,175 lb,False,207,1940
Bryan Wong,M,US,United States,CrossFit Haymaker,33,69 in,203 lb,False,208,1942
Evan Rogers,M,US,United States,Top Tier CrossFit,26,71 in,182 lb,False,208,1942
Dane Mclaughlin,M,US,United States,CrossFit San Luis Obispo,33,73 in,190 lb,False,210,1944
Keanu Redongo,M,US,United States,CrossFit Ergo,24,67 in,175 lb,False,211,1957
Kurtis Jackson,M,GB,United Kingdom,CrossFit Wollongong,27,167 cm,80 kg,False,212,1971
Fiodor Serkov,M,RU,Russian Federation,,28,175 cm,90 kg,False,213,1982
Giovanni Angelozzi,M,IT,Italy,CrossFit Teramo,27,,,False,214,1985
Topias Romo,M,FI,Finland,CrossFit Pieksamaki,26,,,False,215,1986
Sean Gordon,M,US,United States,CrossFit LionHeart,22,68 in,175 lb,False,216,1989
Angelo Brussich,M,US,United States,SC CrossFit 165,29,69 in,195 lb,False,217,2002
William Sanchez,M,CR,Costa Rica,Training PIT CrossFit,29,67 in,183 lb,True,218,2007
Adam Leaney,M,AU,Australia,CrossFit Mode,27,184 cm,93 kg,False,219,2024
Bronislaw Olenkowicz,M,PL,Poland,,31,182 cm,99 kg,False,220,2026
Oj Washington,M,US,United States,Bear Republic CrossFit,34,70 in,184 lb,False,221,2033
Nicholas Thomas,M,US,United States,CrossFit Marysville,29,68 in,193 lb,False,222,2042
Liam Hogan,M,GB,United Kingdom,Coast Side CrossFit,29,178 cm,174 lb,False,223,2043
Sergey Chadin,M,RU,Russian Federation,Bunker D-6 CrossFit,26,178 cm,82 kg,False,224,2044
Landon Walker,M,US,United States,,30,,,False,225,2047
George Sterner,M,US,United States,BrewCity CrossFit,21,69 in,185 lb,False,226,2053
Anders Gronsund,M,NO,Norway,CrossFit Centrum,33,164 cm,72 kg,False,227,2054
Kyle Flickinger,M,US,United States,CrossFit 8035,29,70 in,175 lb,False,228,2081
Mike Dimitrakopoulos,M,GR,Greece,,31,176 cm,85 kg,False,229,2095
Irving Hernandez,M,MX,Mexico,CrossFit Jaglion,32,60 in,155 lb,False,230,2102
Guillaume Briant,M,FR,France,CrossFit Louvre II,26,180 cm,87 kg,False,230,2102
Damian Conciatori,M,CA,Canada,,25,69 in,165 lb,False,232,2115
La Robina Michele,M,IT,Italy,Bad Boars CrossFit,29,,,False,233,2122
Tiziano Corriga,M,IT,Italy,CrossFit 548,35,173 cm,78 kg,False,234,2127
Christian Harris,M,US,United States,CrossFit Athletic Academy,33,73 in,210 lb,False,235,2133
Michael Spineti,M,CA,Canada,CrossFit The Flying V,34,171 cm,185 lb,False,236,2152
Tom Watson,M,GB,United Kingdom,CrossFit Devils Path,30,178 cm,87 kg,False,237,2155
Stas Solodov,M,RU,Russian Federation,CrossFit Geraklion Salut,35,175 cm,85 kg,False,238,2160
Jay Adams,M,US,United States,CrossFit Union Square,32,70 in,195 lb,False,239,2176
Vitor Caetano,M,BR,Brazil,Red Fever CrossFit,21,171 cm,86 kg,False,240,2180
Connor McDonald,M,US,United States,CrossFit Roots,28,71 in,195 lb,False,241,2184
Pietro Anderloni,M,IT,Italy,CrossFit B Side,23,,,False,242,2200
Haydn Wolfsbauer,M,NZ,New Zealand,Boutique Athletic CrossFit,33,180 cm,92 kg,False,243,2208
Tucker McLemore,M,US,United States,Rayzor Ranch CrossFit,27,70 in,188 lb,False,244,2212
Jonathan Gauvreau,M,CA,Canada,CrossFit The Flying V,36,71 in,225 lb,False,245,2218
David Santa Cruz Borgstrand,M,SE,Sweden,CrossFit Malmö,38,180 cm,91 kg,False,246,2262
Dex Hopkins,M,US,United States,CrossFit Westwood,31,74 in,215 lb,False,247,2267
Ram Dover,M,IL,Israel,CrossFit Namal,33,180 cm,86 kg,True,248,2279
Wojciech Laszczak,M,PL,Poland,CrossFit 43300,29,171 cm,80 kg,False,249,2284
Alexandre Jolivet,M,FR,France,Millesime CrossFit,40,173 cm,202 lb,False,250,2293
Tyler Lloyd,M,US,United States,CrossFit Des Moines,29,66 in,180 lb,False,251,2308
Jordan Lundin,M,US,United States,RJF CrossFit,26,70 in,185 lb,False,251,2308
Robert Wagner,M,US,United States,CrossFit Sanitas,29,69 in,180 lb,False,253,2311
Nick Anapolsky,M,CA,Canada,CrossFit PSC,31,70 in,185 lb,False,254,2313
Marcus Ericsson,M,SE,Sweden,CrossFit Holistic,27,186 cm,90 kg,False,255,2329
Mick Stocchi,M,ZA,South Africa,Iron Gate CrossFit,26,180 cm,176 lb,False,256,2346
Ingimar Jónsson,M,IS,Iceland,CrossFit XY,22,173 cm,77 kg,False,257,2350
Frank Gram,M,NO,Norway,CrossFit Gjovik,32,188 cm,95 kg,False,258,2354
Fellonneau Romain,M,FR,France,,23,168 cm,161 lb,False,259,2356
Julien Lopez,M,FR,France,CrossFit La Ciotat,33,176 cm,81 kg,False,260,2360
Andre Teresinho,M,PT,Portugal,CrossFit Feira,24,180 cm,85 kg,True,260,2360
Roberto Molina,M,ES,Spain,CrossFit G2,31,188 cm,98 kg,False,262,2362
Alexander Elebro,M,SE,Sweden,CrossFit NB,28,187 cm,92 kg,False,263,2367
Ryan Woodall,M,AU,Australia,Injustice CrossFit,38,176 cm,87 kg,False,264,2374
Ryan Sowder,M,US,United States,Ft. Wright CrossFit,26,68 in,190 lb,False,265,2379
Arminas Balevicius,M,LT,Lithuania,CrossFit 82,27,176 cm,87 kg,True,266,2382
Jak Cornthwaite,M,GB,United Kingdom,CrossFit JST,29,179 cm,92 kg,False,267,2388
Marsel Shakirov,M,RU,Russian Federation,,33,,,False,267,2388
Joe Scali,M,CA,Canada,CrossFit Semiahmoo,34,72 in,195 lb,False,269,2389
Justin King,M,US,United States,Slingin Iron CrossFit,38,69 in,215 lb,False,270,2403
Nick Roberts,M,US,United States,CrossFit Chalk,33,72 in,190 lb,False,271,2407
Brian Horwath,M,US,United States,CrossFit Roseland,30,66 in,155 lb,False,272,2414
Justin Ahrens,M,US,United States,Treeline CrossFit,33,73 in,195 lb,False,273,2416
Frederik Aegidius,M,DK,Denmark,CrossFit Reykjavík,33,174 cm,84 kg,False,274,2421
Paul Tremblay,M,CA,Canada,CrossFit NCR,33,70 in,200 lb,False,275,2424
Maciej Wierzbowski,M,PL,Poland,CrossFit Mokotow,26,179 cm,98 kg,False,276,2482
Tanner Stahl,M,US,United States,Live In Victory CrossFit,23,69 in,180 lb,False,277,2494
Mitch McClune,M,US,United States,CrossFit Magna,30,68 in,175 lb,False,278,2505
Stefano Di Francesco,M,IT,Italy,CrossFit Minus,26,172 cm,79 kg,False,279,2545
Gabi Castro,M,ES,Spain,CrossFit Rookies Box,19,180 cm,75 kg,False,280,2547
Ant Haynes,M,CN,China,CrossFit CFPT,30,179 cm,88 kg,True,281,2550
Javier González Fernández,M,ES,Spain,CrossFit Teatinos,27,180 cm,84 kg,False,282,2553
Brett Mack,M,US,United States,Rocklin CrossFit,23,68 in,190 lb,False,283,2556
Andrew Hiller,M,US,United States,CrossFit Alpha Dog,28,69 in,190 lb,False,284,2561
Connor Schmitz,M,US,United States,CrossFit Santa Cruz Central,27,76 in,215 lb,False,285,2569
Ilya Makarov,M,RU,Russian Federation,CrossFit Koyot,26,179 cm,88 kg,False,286,2571
Sanna Dino,M,FR,France,CrossFit de l'est,31,170 cm,175 lb,False,287,2574
Alan Foulis,M,ZA,South Africa,Cape CrossFit,34,176 cm,190 lb,False,288,2581
Stephen Jones,M,CA,Canada,CrossFit Cedar Rapids,23,70 in,192 lb,False,289,2583
Lago Guiraldes,M,AR,Argentina,CrossFit Tuluka Nuñez,22,186 cm,90 kg,False,290,2584
Eitan Lieberman,M,IL,Israel,CrossFit Green Beach,24,176 cm,90 kg,False,291,2589
Kevin Jones,M,US,United States,CrossFit 061,37,71 in,199 lb,False,292,2598
Austin Malleolo,M,US,United States,Reebok CrossFit One,33,65 in,178 lb,False,293,2601
Hamzeh Tarefi,M,PS,Palestinian Territory,CrossFit Ramallah,25,173 cm,87 kg,True,294,2604
Andris Sturans,M,LV,Latvia,CrossFit Infinite Strength,24,,,False,295,2626
Logan Ewing,M,US,United States,CrossFit 970,19,71 in,195 lb,False,296,2632
Ash Roozendaal,M,NZ,New Zealand,Mount CrossFit,23,175 cm,83 kg,False,297,2636
Josh Habeck,M,US,United States,Root 18 CrossFit,29,73 in,210 lb,False,298,2639
Josh Workman,M,US,United States,CrossFit Norwalk,22,66 in,165 lb,False,299,2679
Rok Dernikovic,M,SI,Slovenia,,28,171 cm,80 kg,True,300,2682
Brodie Scott,M,AU,Australia,CrossFit 2795,27,176 cm,80 kg,False,301,2686
Brian Harris,M,US,United States,CrossFit Noble Defender,29,70 in,188 lb,False,302,2688
Jonah Jones,M,GB,United Kingdom,Second City CrossFit,22,174 cm,83 kg,False,303,2696
Erast Palkin,M,RU,Russian Federation,CrossFit Geraklion Salut,38,180 cm,97 kg,False,304,2699
Lucas Almeida,M,BR,Brazil,CrossFit IG,28,170 cm,77 kg,False,304,2699
Isaiah Vidal,M,US,United States,CrossFit Controlled Chaos,27,66 in,192 lb,False,306,2700
John-Paul Hethcock,M,US,United States,Shockoe Bottom CrossFit,27,70 in,192 lb,False,307,2714
Baptiste Atcher,M,FR,France,Old Gym CrossFit,33,,,False,308,2716
Ty Laramie,M,US,United States,Palm City CrossFit,26,,,False,309,2720
Jordan Chovanec,M,US,United States,HealthPlex CrossFit,29,68 in,180 lb,False,310,2729
Rolo Gomez,M,UY,Uruguay,CrossFit Del Sur,37,175 cm,,False,311,2735
Vincent Buttitta,M,US,United States,CrossFit Strongsville,30,66 in,170 lb,False,312,2736
James Connew,M,NZ,New Zealand,CrossFit 3216,31,177 cm,191 lb,False,313,2738
Dylan Weller,M,CA,Canada,Apple Valley CrossFit,28,72 in,195 lb,False,314,2739
Pablo Haber,M,AR,Argentina,,25,168 cm,171 lb,False,315,2749
Simon Mäntylä,M,SE,Sweden,CrossFit 162 West,29,181 cm,95 kg,False,316,2761
Chase Hill,M,US,United States,CrossFit One Valley,31,,185 lb,False,317,2762
Will Carter,M,US,United States,CrossFit Immortal,29,67 in,189 lb,False,318,2769
Gianluca Stitzer,M,IT,Italy,CrossFit Bari,31,182 cm,94 kg,False,319,2786
Joshua Al-chamaa,M,GB,United Kingdom,Brick CrossFit,28,182 cm,92 kg,False,320,2789
Joseph Flynn,M,US,United States,CrossFit PR Star,23,68 in,180 lb,False,321,2798
Matthew Reilly,M,AU,Australia,CrossFit Urge,31,187 cm,220 lb,False,322,2808
Michael Laverriere,M,CA,Canada,CrossFit RDL,38,60 in,195 lb,False,323,2831
Alex Bookout,M,US,United States,CrossFit Conjugate,28,68 in,190 lb,False,324,2838
Storm Patterson,M,CA,Canada,CrossFit Queen Street,29,73 in,190 lb,False,325,2841
Callum Foster,M,AU,Australia,,31,,176 lb,False,326,2844
Cal Bauer,M,US,United States,Pale Horse CrossFit,27,,,False,327,2865
Ryan Elrod,M,US,United States,CrossFit Culmination,37,66 in,170 lb,False,328,2881
Sergio Briceno,M,US,United States,CrossFit Crash,25,511 in,205 lb,False,329,2888
Amin Attallah,M,JO,Jordan,CrossFit 962,26,171 cm,80 kg,True,330,2894
John Westbrook,M,US,United States,CrossFit Covalence,28,68 in,175 lb,False,331,2906
Asier Sanchez,M,ES,Spain,CrossFit Gorbeia,25,180 cm,180 lb,False,332,2914
Mohamed Elomda,M,EG,Egypt,CrossFit BSQ,32,180 cm,92 kg,True,333,2920
Kyle Kasperbauer,M,US,United States,CrossFit Kinesis,38,68 in,190 lb,False,334,2939
Lars Kristensen,M,DK,Denmark,CrossFit Woolgoolga,33,180 cm,86 kg,False,335,2945
Sam Parkin,M,GB,United Kingdom,CrossFit Flare,28,178 cm,188 lb,False,336,2947
Mahmood Shalan,M,AE,United Arab Emirates,CrossFit Alioth,27,176 cm,88 kg,True,337,2950
Matthew Moosavian,M,US,United States,CrossFit Balance,25,70 in,195 lb,False,338,2952
Pepe Navarro Beltrán,M,ES,Spain,CrossFit Elche,24,181 cm,90 kg,False,339,2956
Alexandre Veloso,M,PT,Portugal,CrossFit Solum,31,183 cm,95 kg,False,340,2958
Matt Gilpin,M,AU,Australia,CrossFit SPEED,24,178 cm,80 kg,False,341,2969
Chad Kackert,M,US,United States,CrossFit Dallas Central,33,68 in,198 lb,False,342,2973
Martin Kružlic,M,SK,Slovakia,CrossFit Alpha Prime,24,185 cm,94 kg,True,343,2974
Alex Younger,M,GB,United Kingdom,CrossFit CFPT,27,180 cm,180 lb,False,344,2986
Javi Bustos Murillo,M,ES,Spain,Area CrossFit,34,171 cm,82 kg,False,345,2994
Chris Paye,M,US,United States,CrossFit Tiffin,29,68 in,181 lb,False,346,2995
santiago scarafia,M,IT,Italy,Codigo CrossFit,32,189 cm,94 kg,False,347,2996
Roldan Goldbaum,M,MX,Mexico,Strong Suit CrossFit,20,170 cm,80 kg,False,348,2998
Pierre-Henri Soero,M,FR,France,HustleHard CrossFit,36,73 in,204 lb,False,349,3000
Maksim Shumakov,M,UA,Ukraine,CrossFit Banda II,28,182 cm,102 kg,True,350,3004
Vladimir Kozlov,M,RU,Russian Federation,Backstage CrossFit,27,,,False,351,3011
Alex Bode,M,US,United States,CrossFit Acceleration,32,,,False,352,3031
Mathew MacDonald,M,US,United States,CrossFit Free,22,65 in,175 lb,False,353,3037
Tom Thiele,M,GB,United Kingdom,CrossFit North Devon,26,179 cm,87 kg,False,354,3048
Basel Qatamesh,M,PS,Palestinian Territory,CrossFit Ramallah,31,177 cm,81 kg,False,355,3068
Samuel Proulx,M,CA,Canada,Magog CrossFit,28,69 in,189 lb,False,356,3076
James Howell,M,US,United States,CrossFit Crash,35,73 in,190 lb,False,357,3081
Longearet Jaison,M,FR,France,CrossFit Illiberis,25,,,False,358,3082
Lazar Đukić,M,RS,Serbia,,24,183 cm,90 kg,True,359,3096
Matt Dlugos,M,US,United States,,23,76 in,210 lb,False,359,3096
Ross Barr,M,US,United States,,24,70 in,190 lb,False,361,3120
Tristan Faure,M,US,United States,CrossFit S3,28,70 in,192 lb,False,362,3122
Troy Kopp,M,US,United States,CrossFit Hermitage,27,68 in,195 lb,False,363,3132
Steve Briscoe,M,CA,Canada,CrossFit 1855,32,69 in,192 lb,False,364,3139
Juan Camilo Arango,M,CO,Colombia,Faster CrossFit,30,,171 lb,False,365,3145
Adam de Jong,M,CA,Canada,,33,70 in,190 lb,False,366,3159
Ryan Street,M,US,United States,CrossFit Bear,26,68 in,175 lb,False,367,3161
Daniel Tyminski,M,US,United States,CrossFit Lindy,34,69 in,195 lb,False,368,3174
Artem Zelentsov,M,RU,Russian Federation,CrossFit Koyot,25,170 cm,75 kg,False,369,3177
Chantz Ramos,M,US,United States,,30,72 in,195 lb,False,370,3189
Charles-David Brillant,M,CA,Canada,CrossFit Adm,28,69 in,180 lb,False,371,3191
Logan Frey,M,US,United States,,27,72 in,200 lb,False,372,3195
Kidd Campbell,M,US,United States,Vegvisir CrossFit,24,76 in,202 lb,False,373,3201
Yuval Regev,M,IL,Israel,CrossFit Florentin,32,175 cm,72 kg,False,374,3208
Joe Pierro,M,US,United States,Great White CrossFit,23,67 in,190 lb,False,375,3221
José Bernal,M,MX,Mexico,,29,171 cm,186 lb,False,376,3224
Myung Sik Kwak,M,KR,"Korea, Republic of",CrossFit Bigfoot,28,176 cm,180 lb,True,377,3225
Parker Jax,M,US,United States,CrossFit Burkburnett,23,71 in,190 lb,False,378,3230
Erik Brorsson,M,SE,Sweden,Kronan CrossFit,27,,,False,379,3255
Reilly Good,M,US,United States,CrossFit Bloomington-Normal,27,68 in,215 lb,False,380,3271
Tiago Luzes,M,PT,Portugal,CrossFit Odivelas,23,180 cm,87 kg,False,381,3280
Phillip Muscarella,M,US,United States,,27,69 in,192 lb,False,382,3282
Andoni Sekeris,M,NZ,New Zealand,CrossFit Korra,25,169 cm,81 kg,False,383,3284
Evander Harewood,M,GB,United Kingdom,,27,173 cm,202 lb,False,384,3296
Adam Mansy,M,AU,Australia,CrossFit Urban Energy,33,181 cm,92 kg,False,385,3305
Victor Schroeder,M,AT,Austria,CrossFit WN,24,175 cm,85 kg,True,386,3307
Stephane Ossanga,M,FR,France,CrossFit Pour Tous,29,177 cm,87 kg,False,387,3318
Serhiy Humeniuk,M,UA,Ukraine,,28,172 cm,84 kg,False,388,3326
Dominick Maurici,M,US,United States,Caution CrossFit,31,67 in,180 lb,False,389,3327
Jakub Brichta,M,CZ,Czech Republic,CrossFit MadMan,27,179 cm,77 kg,False,389,3327
Jeffrey Hajner,M,CA,Canada,Iron Regime CrossFit,35,69 in,195 lb,False,391,3336
Rees Machell,M,AU,Australia,,22,173 cm,80 kg,False,392,3344
Tyler Wilcox,M,US,United States,CrossFit ASAP,28,70 in,185 lb,False,393,3349
Joel Bergander Lundblad,M,SE,Sweden,CrossFit Highway,30,179 cm,80 kg,False,394,3359
Brian Huynh,M,US,United States,CrossFit Franco's,26,69 in,170 lb,False,395,3363
Alejandro Ocaña García,M,ES,Spain,CrossFit Black Side,28,179 cm,85 kg,False,396,3365
Thomas Markhauser,M,CA,Canada,CrossFit Select,25,67 in,174 lb,False,397,3368
Konstantin Gatke,M,DE,Germany,CrossFit Saar,31,183 cm,91 kg,False,398,3379
Gabe Swaba,M,US,United States,BLFC CrossFit,25,,205 lb,False,399,3382
Paolo Rossil,M,GT,Guatemala,Al Gurm CrossFit,30,170 cm,184 lb,False,400,3383
Estian Ferreira,M,ZA,South Africa,Willow Way CrossFit,29,183 cm,204 lb,False,401,3395
Chase Davis,M,US,United States,Redbird CrossFit,29,67 in,175 lb,False,402,3408
Matthew Martinez,M,US,United States,CrossFit Southie,29,,,False,403,3417
Yves-Eric Pilote,M,CA,Canada,CrossFit Jonq,31,71 in,190 lb,False,404,3420
John Wood,M,US,United States,BackCountry CrossFit,25,72 in,212 lb,False,405,3422
Martin Feiferlík,M,CZ,Czech Republic,Bubalus CrossFit,29,185 cm,99 kg,True,406,3423
David Mata,M,ES,Spain,CrossFit Berkana,29,182 cm,83 kg,False,407,3434
Phillip Guillot,M,US,United States,CrossFit Nola 504,31,70 in,202 lb,False,408,3440
Rob Schillaci,M,GB,United Kingdom,The Burrow CrossFit,30,177 cm,89 kg,False,409,3448
Maxim Nikulin,M,RU,Russian Federation,CrossFit Tirus,26,174 cm,84 kg,False,410,3449
Kristóf Horváth,M,HU,Hungary,C23 CrossFit,26,189 cm,210 lb,True,411,3457
Taylor Myers,M,US,United States,The Claw CrossFit,28,73 in,205 lb,False,411,3457
Martin Czakan,M,CZ,Czech Republic,CrossFit With Us,25,,,False,413,3480
Johann Van Zyl,M,AU,Australia,CrossFit Urban Energy,35,191 cm,99 kg,False,414,3485
Gonzalo Duro,M,ES,Spain,,26,179 cm,88 kg,False,415,3503
John Champion,M,AU,Australia,,25,179 cm,89 kg,False,416,3521
Michael Needleman,M,US,United States,Port CrossFit,23,69 in,188 lb,False,417,3522
Connor Nellans,M,LU,Luxembourg,CrossFit Invictus,26,72 in,210 lb,True,418,3539
Jordan Troyan,M,US,United States,CrossFit Rage,36,70 in,185 lb,False,419,3560
Shane Meli,M,AU,Australia,Southbridge CrossFit,28,183 cm,185 lb,False,420,3563
Rob Watt,M,NZ,New Zealand,CrossFit Project Bayside,29,188 cm,198 lb,False,421,3580
Julian Martinez,M,US,United States,CrossFit Santa Barbara,30,68 in,175 lb,False,421,3580
Kaique Cerveny,M,BR,Brazil,CrossFit Bauru 2,22,,96 kg,False,423,3586
Art Hamilton,M,US,United States,CrossFit Almighty,42,69 in,194 lb,False,424,3616
Justin Reidelbach,M,US,United States,CrossFit RVA,30,73 in,225 lb,False,425,3624
Nikolas Saraliotis,M,GR,Greece,CrossFit LB,24,171 cm,76 kg,False,426,3627
Henry Ulloa,M,US,United States,CrossFit Chalk,24,71 in,200 lb,False,427,3635
Shane Davis,M,US,United States,CrossFit T-Town,30,71 in,198 lb,False,428,3644
João Ferreira,M,PT,Portugal,CrossFit OPO,25,171 cm,84 kg,False,429,3652
Throstur Olason,M,IS,Iceland,CrossFit Reykjavík,32,176 cm,93 kg,False,430,3668
Gary Helmick,M,US,United States,CrossFit Revamped,32,70 in,180 lb,False,431,3672
Ivan Verdun,M,AR,Argentina,AB CrossFit,32,,160 lb,False,432,3686
Mariano Bilbao,M,AR,Argentina,BoxPro CrossFit,32,168 cm,70 kg,False,433,3701
Antonio Burguete,M,MX,Mexico,CrossFit Tigran,25,,74 kg,False,434,3702
Chris Detmering,M,US,United States,Sundown CrossFit,30,69 in,195 lb,False,435,3709
Danny Hale,M,US,United States,CrossFit Adaptation,41,69 in,190 lb,False,436,3738
Kyle Cook,M,US,United States,CrossFit South Denver,33,73 in,193 lb,False,437,3741
Nick Martindale,M,US,United States,Cascade CrossFit,36,68 in,180 lb,False,438,3789
Aaron Bielefeldt,M,US,United States,Ballistic CrossFit,38,73 in,202 lb,False,439,3790
Matúš Kočar,M,SK,Slovakia,,18,171 cm,75 kg,False,440,3821
Josh Godinez,M,MX,Mexico,College Station CrossFit,23,68 in,178 lb,False,441,3822
Dan Cronin,M,US,United States,CrossFit Roaster Barbell,26,70 in,187 lb,False,442,3823
Alexsandr Shumsky,M,RU,Russian Federation,CrossFit Tirus,21,175 cm,84 kg,False,443,3827
Nikita Yundov,M,BY,Belarus,CrossFit Bandicoot,26,178 cm,90 kg,True,444,3831
Pontus Forsberg,M,SE,Sweden,CrossFit Walleye,25,180 cm,85 kg,False,445,3840
Isaac Campbell,M,US,United States,Verdant CrossFit,25,69 in,185 lb,False,446,3853
Jonathan Gibbons,M,CA,Canada,CrossFit Resurrection,32,69 in,195 lb,False,447,3855
Mikko Aronpää,M,FI,Finland,CrossFit Alioth,36,178 cm,92 kg,False,448,3859
James Kozlakowski,M,US,United States,CrossFit Jetty,30,68 in,205 lb,False,449,3876
Raymond Fleser,M,US,United States,Ocean State CrossFit,32,72 in,210 lb,False,450,3878
Clint Kohl,M,FR,France,CrossFit Korra,31,178 cm,88 kg,False,450,3878
Mike Didier,M,FR,France,CrossFit Frankton,21,174 cm,74 kg,False,452,3883
Lucas Obrien,M,AU,Australia,CrossFit Melbourne,22,165 cm,69 kg,False,453,3884
Derek Saltou,M,US,United States,CrossFit Chiron,31,67 in,170 lb,False,454,3897
Ernesto Spagnuolo,M,CA,Canada,CrossFit Aurora Central,28,,205 lb,False,454,3897
Francesc Xavier Serra,M,ES,Spain,CrossFit Girona,26,,,False,456,3902
Ben Alderman,M,US,United States,,37,70 in,212 lb,False,457,3904
Denis Samsonov,M,KG,Kyrgyzstan,CrossFit 8085,29,,190 lb,True,457,3904
Fabian Acuna,M,US,United States,,26,70 in,195 lb,False,459,3911
Corey Lunney,M,US,United States,CrossFit Shrewsbury,29,69 in,180 lb,False,460,3931
Dustin Adair,M,US,United States,CrossFit Huntsville,32,68 in,180 lb,False,461,3939
Sam Robinson,M,GB,United Kingdom,CrossFit Black Five,27,72 in,90 kg,False,462,3954
Simon Gélinas,M,CA,Canada,Deka CrossFit,26,179 cm,190 lb,False,463,3956
Toby Johnson,M,US,United States,Koda CrossFit Norman,32,67 in,178 lb,False,464,3962
Leonidas Dimitrakis,M,GR,Greece,Mad Hall CrossFit,37,,,False,465,3971
Nikolai Volovikov,M,RU,Russian Federation,CrossFit Tirus,32,185 cm,95 kg,False,466,3974
Benjamin Newland,M,AU,Australia,CrossFit Noosa,24,177 cm,88 kg,False,466,3974
Guillermo D. Torres,M,EC,Ecuador,,23,,180 lb,True,468,3975
Vincent Ramirez,M,US,United States,CrossFit OFC,19,70 in,180 lb,False,469,3988
Jacob Schmidt,M,US,United States,South Loop CrossFit,24,,,False,470,3995
Tremaine Jensen,M,NZ,New Zealand,CrossFit Craigieburn,25,180 cm,87 kg,False,471,3997
Felix Sobron,M,ES,Spain,CrossFit Big Rhino,27,,,False,472,3999
David Cyr-maranda,M,CA,Canada,CrossFit Levis,24,177 cm,178 lb,False,473,4003
Feidias Psilogeni,M,CY,Cyprus,,27,,,True,474,4009
Jesus Ruiz,M,ES,Spain,Area CrossFit,34,,,False,475,4056
Lance Castle,M,US,United States,CrossFit Desert Mountain,34,68 in,190 lb,False,476,4059
Viktor Muenter,M,DK,Denmark,CrossFit Nordvest,27,176 cm,81 kg,False,477,4075
Gerald Sasser,M,US,United States,CrossFit Countdown,30,70 in,210 lb,False,478,4091
Tony Lauters,M,US,United States,CrossFit Ground Up,29,68 in,180 lb,False,479,4101
Enrico Zenoni,M,IT,Italy,Val Seriana CrossFit,22,177 cm,82 kg,False,480,4103
Owen Roberts,M,GB,United Kingdom,CrossFit Pembrokeshire,29,178 cm,92 kg,False,481,4110
Bryan Meraviglia,M,US,United States,Stroud CrossFit,32,70 in,184 lb,False,482,4117
Gunnar Regan,M,US,United States,CrossFit St Louis Park,25,70 in,197 lb,False,483,4118
Maximiliano Bernal,M,MX,Mexico,,26,177 cm,189 lb,False,484,4122
Kevin Longmeier,M,US,United States,CrossFit Duratus,38,70 in,195 lb,False,484,4122
Guilherme Domingues,M,BR,Brazil,CrossFit Sinos,30,185 cm,210 lb,False,486,4126
Alessio Angelucci,M,AU,Australia,,31,188 cm,230 lb,False,487,4130
Dustin McWilliams,M,US,United States,CrossFit SoulFire,38,67 in,175 lb,False,488,4143
Zachary van Dorp,M,NL,Netherlands,CrossFit Punt Uit,24,177 cm,84 kg,False,489,4178
Filemon Souza,M,BR,Brazil,Vittoria CrossFit,28,,,False,489,4178
Caleb Woiwod,M,CA,Canada,CrossFit LifeTree,31,73 in,215 lb,False,491,4203
Brandon Foor,M,US,United States,CrossFit Destin,27,,183 lb,False,492,4207
Alex Imbert,M,GB,United Kingdom,CrossFit TG,30,,,False,493,4221
Seth Prochazka,M,US,United States,Alpha CrossFit,30,70 in,193 lb,False,494,4222
Valerio Proietti,M,IT,Italy,CrossFit 548,28,187 cm,95 kg,False,494,4222
Matt Phelan,M,US,United States,CrossFit Hamilton,23,69 in,175 lb,False,496,4224
Kieren Power,M,AU,Australia,Injustice CrossFit,27,184 cm,94 kg,False,497,4241
Ariel Barwinski,M,PL,Poland,CrossFit Zaglebie Eagles,30,177 cm,87 kg,False,498,4248
Bruno Marins,M,BR,Brazil,,23,187 cm,206 lb,False,499,4256
Edoardo Talon,M,IT,Italy,CrossFit Sagittarius,26,,87 kg,False,500,4259
